text,category
กินข้าวแกงหน้าปากซอย,อาหารและเครื่องดื่ม
ชานมไข่มุกหวานน้อย,อาหารและเครื่องดื่ม
สั่งแกร็บไก่ทอด,อาหารและเครื่องดื่ม
จ่ายตลาดซื้อหมูสดผักสด,อาหารและเครื่องดื่ม
หารค่าหมูกระทะกับเพื่อน,อาหารและเครื่องดื่ม
กาแฟอเมซอน,อาหารและเครื่องดื่ม
ซื้อน้ำเปล่าเซเว่น,อาหารและเครื่องดื่ม
บุฟเฟ่ต์แซลมอน,อาหารและเครื่องดื่ม
ค่าเบียร์นั่งชิลร้านเหล้า,อาหารและเครื่องดื่ม
มาม่าคัพ,อาหารและเครื่องดื่ม
ซื้อข้าวสารเข้าบ้าน,อาหารและเครื่องดื่ม
กินข้าวโรงอาหาร,อาหารและเครื่องดื่ม
ข้าวมันไก่พิเศษ,อาหารและเครื่องดื่ม
ก๋วยเตี๋ยวเรือน้ำตก,อาหารและเครื่องดื่ม
ข้าวกะเพราหมูกรอบไข่ดาว,อาหารและเครื่องดื่ม
ส้มตำไก่ย่าง,อาหารและเครื่องดื่ม
ข้าวไข่เจียวหมูสับ,อาหารและเครื่องดื่ม
ซื้อข้าวกล่อง,อาหารและเครื่องดื่ม
โจ๊กหมูใส่ไข่,อาหารและเครื่องดื่ม
ข้าวเหนียวไก่ทอด,อาหารและเครื่องดื่ม
ผัดไทยกุ้งสด,อาหารและเครื่องดื่ม
ข้าวซอยไก่,อาหารและเครื่องดื่ม
กาแฟอเมซอนตอนเช้า,อาหารและเครื่องดื่ม
ชาไทยเย็น,อาหารและเครื่องดื่ม
น้ำอัดลม,อาหารและเครื่องดื่ม
สตาร์บัคส์,อาหารและเครื่องดื่ม
อเมริกาโน่ไม่หวาน,อาหารและเครื่องดื่ม
ซื้อน้ำดื่มแพ็ค,อาหารและเครื่องดื่ม
ชาไข่มุก,อาหารและเครื่องดื่ม
กดตู้เต่าบิน,อาหารและเครื่องดื่ม
ซื้อกาแฟเลี้ยงหมวด,อาหารและเครื่องดื่ม
สปอนเซอร์,อาหารและเครื่องดื่ม
ชาเขียวปั่น,อาหารและเครื่องดื่ม
ซื้อขนมปัง,อาหารและเครื่องดื่ม
เค้กวันเกิด,อาหารและเครื่องดื่ม
ไอติมไผ่ทอง,อาหารและเครื่องดื่ม
โรตีสายไหม,อาหารและเครื่องดื่ม
ลูกชิ้นทอดหน้าปากซอย,อาหารและเครื่องดื่ม
ซื้อเลย์กับโค้ก,อาหารและเครื่องดื่ม
ผลไม้รถเข็น,อาหารและเครื่องดื่ม
เลี้ยงขนมนักเรียน,อาหารและเครื่องดื่ม
ขนมครก,อาหารและเครื่องดื่ม
เครปญี่ปุ่น,อาหารและเครื่องดื่ม
น้ำเต้าหู้ปาท่องโก๋,อาหารและเครื่องดื่ม
ไปตลาดซื้อหมูสามชั้น,อาหารและเครื่องดื่ม
ซื้อผักสดมาทำกับข้าว,อาหารและเครื่องดื่ม
ไข่ไก่ 1 แผง,อาหารและเครื่องดื่ม
น้ำปลา น้ำตาล เครื่องปรุง,อาหารและเครื่องดื่ม
ซื้อของสดแม็คโคร,อาหารและเครื่องดื่ม
จ่ายตลาดทำกับข้าว,อาหารและเครื่องดื่ม
ซื้อเนื้อวัวทำสเต็ก,อาหารและเครื่องดื่ม
ซื้ออาหารทะเล,อาหารและเครื่องดื่ม
ข้าวสาร 1 กระสอบ,อาหารและเครื่องดื่ม
สั่งไลน์แมนข้าวผัด,อาหารและเครื่องดื่ม
ค่าแกร็บฟู้ด,อาหารและเครื่องดื่ม
สั่งฟู้ดแพนด้า,อาหารและเครื่องดื่ม
ค่าส่งอาหารช้อปปี้ฟู้ด,อาหารและเครื่องดื่ม
สั่งพิซซ่า,อาหารและเครื่องดื่ม
KFC ชุดโปรโมชั่น,อาหารและเครื่องดื่ม
แมคโดนัลด์,อาหารและเครื่องดื่ม
สั่งโรบินฮู้ดของกิน,อาหารและเครื่องดื่ม
เข้าเซเว่นซื้อของกิน,อาหารและเครื่องดื่ม
ซื้อไส้กรอกเซเว่น,อาหารและเครื่องดื่ม
แซนวิชอบร้อน,อาหารและเครื่องดื่ม
ซื้อข้าวกล่องเซเว่น,อาหารและเครื่องดื่ม
ซาลาเปาเซเว่น,อาหารและเครื่องดื่ม
กินตี๋น้อย,อาหารและเครื่องดื่ม
บุฟเฟ่ต์ปิ้งย่าง,อาหารและเครื่องดื่ม
ชาบูชิ,อาหารและเครื่องดื่ม
กินเลี้ยงปีใหม่,อาหารและเครื่องดื่ม
หารค่าข้าวกับเพื่อน,อาหารและเครื่องดื่ม
โอมากาเสะ,อาหารและเครื่องดื่ม
กินข้าวบนห้าง,อาหารและเครื่องดื่ม
หมูกระทะเยียวยาจิตใจ,อาหารและเครื่องดื่ม
ค่าข้าวกล่องประชุม,อาหารและเครื่องดื่ม
ค่าเบียร์ 3 ขวด,อาหารและเครื่องดื่ม
ค่าเหล้าปั่น,อาหารและเครื่องดื่ม
นั่งชิลร้านเหล้า,อาหารและเครื่องดื่ม
หารค่าเหล้ากับเพื่อน,อาหารและเครื่องดื่ม
ซื้อไวน์ 1 ขวด,อาหารและเครื่องดื่ม
ข้าวมื้อเช้า,อาหารและเครื่องดื่ม
กินข้าวเที่ยง,อาหารและเครื่องดื่ม
มื้อเย็นร้านป้าจุก,อาหารและเครื่องดื่ม
หิวรอบดึก ซื้อมาม่า,อาหารและเครื่องดื่ม
ข้าวกล่องมื้อเที่ยง,อาหารและเครื่องดื่ม
ข้าวเช้าบวกกาแฟ,อาหารและเครื่องดื่ม
แวะกินข้าวหลังเลิกงาน,อาหารและเครื่องดื่ม
โดนค่ากาแฟไป,อาหารและเครื่องดื่ม
ค่าข้าว,อาหารและเครื่องดื่ม
ค่าน้ำ,อาหารและเครื่องดื่ม
ข้าวขาหมูเนื้อหนัง,อาหารและเครื่องดื่ม
ต้มเลือดหมูข้าวเปล่า,อาหารและเครื่องดื่ม
ยำวุ้นเส้นทะเล,อาหารและเครื่องดื่ม
ข้าวหมกไก่,อาหารและเครื่องดื่ม
ราดหน้าหมูหมัก,อาหารและเครื่องดื่ม
ผัดกะเพราคลุก,อาหารและเครื่องดื่ม
สุกี้น้ำ,อาหารและเครื่องดื่ม
ข้าวเหนียวหมูทอด,อาหารและเครื่องดื่ม
ตำป่า,อาหารและเครื่องดื่ม
ข้าวคลุกกะปิ,อาหารและเครื่องดื่ม
ข้าวแกงโรงอาหาร,อาหารและเครื่องดื่ม
กาแฟสหกรณ์โรงเรียน,อาหารและเครื่องดื่ม
เลี้ยงข้าวนักเรียน,อาหารและเครื่องดื่ม
ซื้อขนมเบรกประชุม,อาหารและเครื่องดื่ม
หารค่าพิซซ่ากับเพื่อนที่ทำงาน,อาหารและเครื่องดื่ม
ซื้อน้ำแจกตอนกีฬาสี,อาหารและเครื่องดื่ม
ข้าวเที่ยงโรงอาหาร,อาหารและเครื่องดื่ม
เหมาลูกชิ้นเลี้ยงเด็ก,อาหารและเครื่องดื่ม
จ่ายค่ากับข้าวให้ที่บ้าน,อาหารและเครื่องดื่ม
โกโก้ปั่น,อาหารและเครื่องดื่ม
มัทฉะลาเต้,อาหารและเครื่องดื่ม
นมข้นหวาน,อาหารและเครื่องดื่ม
ชามะนาว,อาหารและเครื่องดื่ม
น้ำส้มคั้น,อาหารและเครื่องดื่ม
กล้วยทอด,อาหารและเครื่องดื่ม
ปาท่องโก๋น้ำเต้าหู้,อาหารและเครื่องดื่ม
ขนมจีบซาลาเปา,อาหารและเครื่องดื่ม
แซนวิชทูน่า,อาหารและเครื่องดื่ม
เยลลี่ในเซเว่น,อาหารและเครื่องดื่ม
สเลอปี้,อาหารและเครื่องดื่ม
ซื้อน้ำมันหอยกับซีอิ๊ว,อาหารและเครื่องดื่ม
พริกแกงกะทิ,อาหารและเครื่องดื่ม
ซื้อปลาทูมาทอด,อาหารและเครื่องดื่ม
เห็ดเข็มทองกับผักกาดขาว,อาหารและเครื่องดื่ม
กุ้งสดทำต้มยำ,อาหารและเครื่องดื่ม
เนื้อหมูสไลด์,อาหารและเครื่องดื่ม
เข้าโลตัสซื้อของกินเข้าตู้เย็น,อาหารและเครื่องดื่ม
แตงโมครึ่งซีก,อาหารและเครื่องดื่ม
ซื้อผลไม้ไหว้พระ,อาหารและเครื่องดื่ม
ซื้อพริกกระเทียม,อาหารและเครื่องดื่ม
กินซูชิสายพาน,อาหารและเครื่องดื่ม
หมาล่าสายพาน,อาหารและเครื่องดื่ม
ชาบูหมาล่า,อาหารและเครื่องดื่ม
คอร์นด็อก,อาหารและเครื่องดื่ม
ไก่ป๊อป,อาหารและเครื่องดื่ม
เฟรนช์ฟรายส์ชีส,อาหารและเครื่องดื่ม
สอยชานมไข่มุกไป,อาหารและเครื่องดื่ม
แดกปิ้งย่าง,อาหารและเครื่องดื่ม
ข้าวผัดหมู,อาหารและเครื่องดื่ม
ข้าวไข่ข้นกุ้ง,อาหารและเครื่องดื่ม
ต้มยำทะเลน้ำข้น,อาหารและเครื่องดื่ม
แกงเขียวหวานไก่,อาหารและเครื่องดื่ม
หมูทอดกระเทียมพริกไทย,อาหารและเครื่องดื่ม
ผัดซีอิ๊วเส้นใหญ่,อาหารและเครื่องดื่ม
ราดหน้าทะเล,อาหารและเครื่องดื่ม
สุกี้แห้งไก่,อาหารและเครื่องดื่ม
ข้าวหมูแดงหมูกรอบ,อาหารและเครื่องดื่ม
บะหมี่เกี๊ยวน้ำ,อาหารและเครื่องดื่ม
ยำมาม่าหมูยับ,อาหารและเครื่องดื่ม
ต้มซุปเปอร์ขาไก่,อาหารและเครื่องดื่ม
ลาบหมู,อาหารและเครื่องดื่ม
น้ำตกเนื้อ,อาหารและเครื่องดื่ม
คอหมูย่าง,อาหารและเครื่องดื่ม
ข้าวเหนียวมะม่วง,อาหารและเครื่องดื่ม
ข้าวหลาม,อาหารและเครื่องดื่ม
ไก่ย่างวิเชียรบุรี,อาหารและเครื่องดื่ม
ปลาเผาเกลือ,อาหารและเครื่องดื่ม
หอยแครงลวก,อาหารและเครื่องดื่ม
ชามะนาวเย็น,อาหารและเครื่องดื่ม
ชาดำเย็น,อาหารและเครื่องดื่ม
น้ำเก๊กฮวย,อาหารและเครื่องดื่ม
น้ำลำไย,อาหารและเครื่องดื่ม
น้ำแข็งไส,อาหารและเครื่องดื่ม
ลอดช่องน้ำกะทิ,อาหารและเครื่องดื่ม
บัวลอยไข่หวาน,อาหารและเครื่องดื่ม
ทับทิมกรอบ,อาหารและเครื่องดื่ม
ไอศกรีมกะทิสด,อาหารและเครื่องดื่ม
กล้วยบวชชี,อาหารและเครื่องดื่ม
มันรังนก,อาหารและเครื่องดื่ม
ขนมเบื้อง,อาหารและเครื่องดื่ม
ขนมโตเกียว,อาหารและเครื่องดื่ม
เครปเย็น,อาหารและเครื่องดื่ม
มาการอง,อาหารและเครื่องดื่ม
ชีสเค้ก,อาหารและเครื่องดื่ม
บราวนี่,อาหารและเครื่องดื่ม
ไดฟุกุ,อาหารและเครื่องดื่ม
โมจิ,อาหารและเครื่องดื่ม
ทาร์ตไข่,อาหารและเครื่องดื่ม
ซื้อเนื้อหมูบด,อาหารและเครื่องดื่ม
สะโพกไก่,อาหารและเครื่องดื่ม
ปีกไก่บน,อาหารและเครื่องดื่ม
กุ้งขาว,อาหารและเครื่องดื่ม
หมึกกล้วย,อาหารและเครื่องดื่ม
ปลาทับทิม,อาหารและเครื่องดื่ม
ปลากะพง,อาหารและเครื่องดื่ม
หอยแมลงภู่,อาหารและเครื่องดื่ม
ผักบุ้งจีน,อาหารและเครื่องดื่ม
คะน้า,อาหารและเครื่องดื่ม
กะหล่ำปลี,อาหารและเครื่องดื่ม
แครอท,อาหารและเครื่องดื่ม
มะเขือเทศ,อาหารและเครื่องดื่ม
หอมหัวใหญ่,อาหารและเครื่องดื่ม
กระเทียมไทย,อาหารและเครื่องดื่ม
พริกขี้หนู,อาหารและเครื่องดื่ม
น้ำปลาแท้,อาหารและเครื่องดื่ม
ซอสหอยนางรม,อาหารและเครื่องดื่ม
ซีอิ๊วขาว,อาหารและเครื่องดื่ม
น้ำตาลทรายแดง,อาหารและเครื่องดื่ม
แวะซื้อกาแฟก่อนเข้างาน,อาหารและเครื่องดื่ม
กินข้าวหมูแดงพักเที่ยง,อาหารและเครื่องดื่ม
หารค่าข้าวเย็นกับพี่ที่ออฟฟิศ,อาหารและเครื่องดื่ม
เลี้ยงวันเกิดลูกน้องที่ออฟฟิศ,อาหารและเครื่องดื่ม
ซื้อน้ำดื่มเลี้ยงกีฬา,อาหารและเครื่องดื่ม
ค่าสวัสดิการอาหารกลางวัน,อาหารและเครื่องดื่ม
ซื้อของว่างจัดเบรก,อาหารและเครื่องดื่ม
ซื้อขนมฝากเพื่อนที่ทำงาน,อาหารและเครื่องดื่ม
กินข้าวกล่องตอนประชุม,อาหารและเครื่องดื่ม
ซื้อส้มตำมากินด้วยกัน,อาหารและเครื่องดื่ม
เหมาไอติมงานโรงเรียน,อาหารและเครื่องดื่ม
ค่าข้าวเย็นตอนทำโอที,อาหารและเครื่องดื่ม
ซื้อของกินเข้าบ้านวันหยุด,อาหารและเครื่องดื่ม
ตุนมาม่าไว้สิ้นเดือน,อาหารและเครื่องดื่ม
จ่ายค่ากับข้าวตอนเช้า,อาหารและเครื่องดื่ม
ซื้อของใส่บาตร,อาหารและเครื่องดื่ม
ซื้อข้าวเหนียวหมูปิ้งหน้าโรงเรียน,อาหารและเครื่องดื่ม
แวะซื้อน้ำหวานตอนพัก,อาหารและเครื่องดื่ม
กินข้าวไข่เจียวประหยัดๆ,อาหารและเครื่องดื่ม
ซื้อลูกชิ้นทอดแบ่งกันกิน,อาหารและเครื่องดื่ม
กินบอนชอน,อาหารและเครื่องดื่ม
สั่งคิวคิว,อาหารและเครื่องดื่ม
กินสุกี้ตี๋น้อย,อาหารและเครื่องดื่ม
ซัดหมูกระทะ,อาหารและเครื่องดื่ม
ไปกินชาบู,อาหารและเครื่องดื่ม
แดกบุฟเฟ่ต์,อาหารและเครื่องดื่ม
จัดปิ้งย่าง,อาหารและเครื่องดื่ม
หารค่าส้มตำ,อาหารและเครื่องดื่ม
กินข้าวข้างทาง,อาหารและเครื่องดื่ม
สั่งฟู้ดเดลิเวอรี่,อาหารและเครื่องดื่ม
กดสั่งแกร็บ,อาหารและเครื่องดื่ม
เรียกไลน์แมนซื้อข้าว,อาหารและเครื่องดื่ม
สั่งพิซซ่าถาดกลาง,อาหารและเครื่องดื่ม
สเวนเซ่นส์,อาหารและเครื่องดื่ม
แดรี่ควีน,อาหารและเครื่องดื่ม
เบอร์เกอร์คิง,อาหารและเครื่องดื่ม
ซับเวย์,อาหารและเครื่องดื่ม
ทาโก้เบลล์,อาหารและเครื่องดื่ม
อานตี้แอนส์,อาหารและเครื่องดื่ม
มิสเตอร์โดนัท,อาหารและเครื่องดื่ม
เติมน้ำมัน,การเดินทาง
เติมแก๊ส,การเดินทาง
เติม E20,การเดินทาง
เติม 95,การเดินทาง
เติมดีเซล,การเดินทาง
ค่าน้ำมัน,การเดินทาง
ค่าน้ำมันรถ,การเดินทาง
เติมน้ำมันมอไซค์,การเดินทาง
แวะปั๊มเติมน้ำมัน,การเดินทาง
ค่าน้ำมันรถยนต์,การเดินทาง
เติมน้ำมันไปทำงาน,การเดินทาง
เติม E85,การเดินทาง
เติมเบนซิน,การเดินทาง
เติมแก๊สโซฮอล์,การเดินทาง
เติมน้ำมัน PTT,การเดินทาง
เติมน้ำมันบางจาก,การเดินทาง
เติมน้ำมันเชลล์,การเดินทาง
ค่าน้ำมันกลับบ้าน,การเดินทาง
เติมน้ำมันเต็มถัง,การเดินทาง
แวะเติมน้ำมัน,การเดินทาง
ค่าแก๊ส LPG,การเดินทาง
ค่าแก๊ส NGV,การเดินทาง
ค่าน้ำมันเดินทาง,การเดินทาง
ค่าน้ำมันไปเที่ยว,การเดินทาง
หารค่าน้ำมันกับเพื่อน,การเดินทาง
ช่วยเพื่อนออกค่าน้ำมัน,การเดินทาง
ค่าน้ำมันรถกระบะ,การเดินทาง
ค่าน้ำมันรถตู้,การเดินทาง
ค่าน้ำมันรายสัปดาห์,การเดินทาง
ค่าน้ำมันรายเดือน,การเดินทาง
ค่าทางด่วน,การเดินทาง
ขึ้นทางด่วน,การเดินทาง
เติม Easy Pass,การเดินทาง
เติม M-Pass,การเดินทาง
ค่าที่จอดรถ,การเดินทาง
ค่าจอดรถบนห้าง,การเดินทาง
ค่าจอดรถรายเดือน,การเดินทาง
จ่ายค่าทางด่วน,การเดินทาง
ค่ามอเตอร์เวย์,การเดินทาง
ค่าจอดรถสนามบิน,การเดินทาง
แสตมป์บัตรจอดรถ,การเดินทาง
ค่าจอดรถสยาม,การเดินทาง
ค่าทางด่วนไปทำงาน,การเดินทาง
ค่าทางด่วนกลับบ้าน,การเดินทาง
ค่าจอดรถรายชั่วโมง,การเดินทาง
ค่าจอดรถตลาด,การเดินทาง
ค่าโทลเวย์,การเดินทาง
ขึ้นโทลเวย์,การเดินทาง
ค่าผ่านทาง,การเดินทาง
จ่ายค่าที่จอดรถ,การเดินทาง
เติมบัตรทางด่วน,การเดินทาง
ค่าจอดรถคอนโด,การเดินทาง
ค่าจอดรถออฟฟิศ,การเดินทาง
ค่าฝากรถ,การเดินทาง
ค่ารับฝากรถมอไซค์,การเดินทาง
ล้างรถ,การเดินทาง
ล้างสีดูดฝุ่น,การเดินทาง
ค่าซ่อมรถ,การเดินทาง
เปลี่ยนยางรถยนต์,การเดินทาง
ถ่ายน้ำมันเครื่อง,การเดินทาง
ต่อภาษีรถยนต์,การเดินทาง
ต่อ พรบ รถยนต์,การเดินทาง
ต่อ พรบ มอไซค์,การเดินทาง
ค่าเปลี่ยนแบตเตอรี่,การเดินทาง
ค่าซ่อมมอไซค์,การเดินทาง
ปะยาง,การเดินทาง
เติมลมไนโตรเจน,การเดินทาง
เปลี่ยนผ้าเบรค,การเดินทาง
ค่าตรวจสภาพรถ,การเดินทาง
ค่าเคลือบแก้ว,การเดินทาง
ล้างมอเตอร์ไซค์,การเดินทาง
ค่าอะไหล่รถ,การเดินทาง
ซ่อมแอร์รถ,การเดินทาง
จ่ายค่าซ่อมรถ,การเดินทาง
ค่าบำรุงรักษารถ,การเดินทาง
เช็คระยะรถยนต์,การเดินทาง
เอารถเข้าศูนย์,การเดินทาง
ค่าต่อทะเบียนรถ,การเดินทาง
เปลี่ยนหัวเทียน,การเดินทาง
ค่าล้างแอร์รถยนต์,การเดินทาง
เติมบัตร BTS,การเดินทาง
แตะบัตร MRT,การเดินทาง
ค่ารถไฟฟ้า,การเดินทาง
เติมบัตรแรบบิท,การเดินทาง
ค่าตั๋วรถไฟใต้ดิน,การเดินทาง
นั่งแอร์พอร์ตลิงก์,การเดินทาง
นั่งสายสีแดง,การเดินทาง
นั่งสายสีเหลือง,การเดินทาง
เติมบัตรแมงมุม,การเดินทาง
ค่ารถไฟฟ้าไปทำงาน,การเดินทาง
ค่ารถไฟฟ้ารายเดือน,การเดินทาง
ซื้อตั๋วรถไฟ,การเดินทาง
นั่งรถไฟกลับต่างจังหวัด,การเดินทาง
ซื้อเที่ยวรถไฟฟ้า,การเดินทาง
นั่ง BTS กลับหอ,การเดินทาง
ค่า MRT,การเดินทาง
เติมเงินบัตรโดยสาร,การเดินทาง
นั่งรถเมล์,การเดินทาง
ค่ารถเมล์,การเดินทาง
ค่ารถเมล์แอร์,การเดินทาง
ค่าตั๋วรถเมล์,การเดินทาง
นั่งเรือด่วน,การเดินทาง
นั่งเรือคลองแสนแสบ,การเดินทาง
ค่าตั๋วเรือข้ามฟาก,การเดินทาง
นั่งรถสองแถว,การเดินทาง
ค่ารถสองแถวหน้าปากซอย,การเดินทาง
ขึ้นรถเมล์ไปทำงาน,การเดินทาง
นั่งรถเมล์ร้อน,การเดินทาง
นั่ง BRT,การเดินทาง
ซื้อตั๋วรถไฟสปรินเตอร์,การเดินทาง
นั่งวินมอไซค์,การเดินทาง
ค่าวินหน้าปากซอย,การเดินทาง
นั่งวินไปบีทีเอส,การเดินทาง
เรียกแท็กซี่,การเดินทาง
ค่าแท็กซี่,การเดินทาง
นั่งแท็กซี่กลับบ้าน,การเดินทาง
เรียกแกร็บคาร์,การเดินทาง
เรียก Grab,การเดินทาง
นั่ง Bolt,การเดินทาง
เรียก inDrive,การเดินทาง
เรียก LINE MAN Ride,การเดินทาง
เรียก Robinhood Ride,การเดินทาง
ค่าวินไปทำงาน,การเดินทาง
นั่งแท็กซี่ไปสนามบิน,การเดินทาง
นั่งรถตุ๊กตุ๊ก,การเดินทาง
ค่าตุ๊กตุ๊ก,การเดินทาง
นั่งวินกลับหอพัก,การเดินทาง
เรียกวินมอไซค์,การเดินทาง
ค่าแกร็บไบค์,การเดินทาง
นั่งรถกะป๊อ,การเดินทาง
เรียกแท็กซี่มิเตอร์,การเดินทาง
เหมาแท็กซี่,การเดินทาง
นั่งแกร็บกลับดึก,การเดินทาง
หารค่าแท็กซี่กับเพื่อน,การเดินทาง
นั่งแกร็บไปมหาลัย,การเดินทาง
เรียกแกร็บวิน,การเดินทาง
นั่ง Maxim,การเดินทาง
นั่ง MuvMi,การเดินทาง
เรียกตุ๊กตุ๊กไฟฟ้า,การเดินทาง
เรียกแท็กซี่ผ่านแอป,การเดินทาง
นั่งรถรับจ้าง,การเดินทาง
เหมาสองแถว,การเดินทาง
นั่งรถสามล้อ,การเดินทาง
นั่งวินไปต่อรถ,การเดินทาง
เรียกรถผ่านแอป,การเดินทาง
ซื้อตั๋วเครื่องบิน,การเดินทาง
ค่าตั๋วเครื่องบินไปเที่ยว,การเดินทาง
จองตั๋วแอร์เอเชีย,การเดินทาง
จองตั๋วไลอ้อนแอร์,การเดินทาง
ซื้อตั๋วรถทัวร์,การเดินทาง
ค่ารถทัวร์กลับบ้าน,การเดินทาง
ซื้อตั๋วรถตู้,การเดินทาง
นั่งรถตู้ไปต่างจังหวัด,การเดินทาง
ค่าคิวรถตู้,การเดินทาง
นั่งรถมินิบัส,การเดินทาง
ค่าตั๋วเครื่องบินกลับบ้าน,การเดินทาง
นั่งเครื่องบินไปเชียงใหม่,การเดินทาง
ค่ารถทัวร์นครชัยแอร์,การเดินทาง
ค่ารถตู้เข้ากรุงเทพ,การเดินทาง
จองตั๋วรถไฟตู้นอน,การเดินทาง
ค่าโหลดสัมภาระ,การเดินทาง
ค่าเลือกที่นั่งเครื่องบิน,การเดินทาง
ค่ารถโดยสารประจำทาง,การเดินทาง
ซื้อตั๋ว บขส,การเดินทาง
นั่งรถสมบัติทัวร์,การเดินทาง
นั่งรถทัวร์วีไอพี,การเดินทาง
จ่ายค่าตั๋วรถตู้,การเดินทาง
ค่าตั๋วเรือเฟอร์รี่,การเดินทาง
ซื้อตั๋วเครื่องบินนกแอร์,การเดินทาง
ค่าพาหนะเดินทางต่างจังหวัด,การเดินทาง
ค่าเดินทางไปทำงาน,การเดินทาง
ค่ารถไปโรงเรียน,การเดินทาง
ให้ค่ารถลูก,การเดินทาง
ค่าเดินทางไปคุยงาน,การเดินทาง
เบิกค่าเดินทาง,การเดินทาง
ค่ารถกลับบ้าน,การเดินทาง
ค่ารถไปเที่ยว,การเดินทาง
เดินทางไปสัมมนา,การเดินทาง
ค่าพาหนะ,การเดินทาง
จ่ายค่ารถ,การเดินทาง
ค่ารถเข้าเมือง,การเดินทาง
นั่งรถไปหาเพื่อน,การเดินทาง
นั่งรถกลับจากปาร์ตี้,การเดินทาง
นั่งรถกลับดึก,การเดินทาง
ค่ารถออกไปทำธุระ,การเดินทาง
ค่ารถไปตลาด,การเดินทาง
นั่งรถไปห้าง,การเดินทาง
นั่งรถไปหาหมอ,การเดินทาง
นั่งรถกลับบ้านต่างจังหวัด,การเดินทาง
นั่งรถไปทำบุญ,การเดินทาง
เหมารถตู้ไปเที่ยว,การเดินทาง
หารค่ารถตู้,การเดินทาง
แชร์ค่ารถ,การเดินทาง
ให้ค่าเดินทาง,การเดินทาง
นั่งรถกลับจากโรงเรียน,การเดินทาง
นั่งรถไปติวเตอร์,การเดินทาง
ค่าเดินทางไปสอบ,การเดินทาง
นั่งรถไปซื้อของ,การเดินทาง
นั่งรถกลับหอ,การเดินทาง
ค่าเดินทางไปทัศนศึกษา,การเดินทาง
จ่ายค่าไฟบ้าน,บิลและของใช้ในบ้าน
ค่าน้ำเดือนนี้,บิลและของใช้ในบ้าน
บิลค่าไฟ,บิลและของใช้ในบ้าน
จ่ายค่าน้ำประปา,บิลและของใช้ในบ้าน
บิลค่าน้ำ,บิลและของใช้ในบ้าน
จ่ายค่าเน็ตบ้าน,บิลและของใช้ในบ้าน
ค่าเน็ต 3BB,บิลและของใช้ในบ้าน
จ่ายทรูวิชั่นส์,บิลและของใช้ในบ้าน
เติมเงินมือถือ,บิลและของใช้ในบ้าน
ค่าโทรศัพท์รายเดือน,บิลและของใช้ในบ้าน
จ่ายบิล AIS,บิลและของใช้ในบ้าน
ค่าแพ็กเกจเน็ต,บิลและของใช้ในบ้าน
ค่าบริการมือถือ,บิลและของใช้ในบ้าน
จ่ายค่าไฟผ่านแอป,บิลและของใช้ในบ้าน
ค่าน้ำหอพัก,บิลและของใช้ในบ้าน
บิลค่าเน็ตทรู,บิลและของใช้ในบ้าน
จ่ายบิลดีแทค,บิลและของใช้ในบ้าน
เติมเน็ตมือถือ,บิลและของใช้ในบ้าน
ค่าเน็ตคอนโด,บิลและของใช้ในบ้าน
ชำระค่าไฟฟ้า,บิลและของใช้ในบ้าน
ชำระค่าน้ำ,บิลและของใช้ในบ้าน
ค่าเน็ตรายเดือน,บิลและของใช้ในบ้าน
เติมเงินโทรศัพท์,บิลและของใช้ในบ้าน
จ่ายค่าไฟให้แม่,บิลและของใช้ในบ้าน
ค่าน้ำประปาส่วนภูมิภาค,บิลและของใช้ในบ้าน
การไฟฟ้านครหลวง,บิลและของใช้ในบ้าน
ชำระบิลอินเทอร์เน็ต,บิลและของใช้ในบ้าน
จ่ายค่าเคเบิลทีวี,บิลและของใช้ในบ้าน
ค่าอินเทอร์เน็ตไฟเบอร์,บิลและของใช้ในบ้าน
ซื้อแพ็กเกจเสริมเน็ต,บิลและของใช้ในบ้าน
จ่ายค่าไฟค้างชำระ,บิลและของใช้ในบ้าน
ค่าปรับจ่ายบิลช้า,บิลและของใช้ในบ้าน
ค่าน้ำประปานครหลวง,บิลและของใช้ในบ้าน
บิลโทรศัพท์บ้าน,บิลและของใช้ในบ้าน
ค่าโทรศัพท์ออฟฟิศ,บิลและของใช้ในบ้าน
เติมเงินซิม,บิลและของใช้ในบ้าน
ซื้อเน็ตไม่อั้น,บิลและของใช้ในบ้าน
จ่ายค่าไฟหอ,บิลและของใช้ในบ้าน
ชำระบิลค่าน้ำ,บิลและของใช้ในบ้าน
ค่าไฟเดือนที่แล้ว,บิลและของใช้ในบ้าน
ค่าเช่าหอพัก,บิลและของใช้ในบ้าน
ค่าเช่าบ้าน,บิลและของใช้ในบ้าน
จ่ายค่าเช่าคอนโด,บิลและของใช้ในบ้าน
ค่าส่วนกลางคอนโด,บิลและของใช้ในบ้าน
ค่าส่วนกลางหมู่บ้าน,บิลและของใช้ในบ้าน
จ่ายค่าเช่าห้อง,บิลและของใช้ในบ้าน
บิลค่าเช่า,บิลและของใช้ในบ้าน
ค่าบริการเก็บขยะ,บิลและของใช้ในบ้าน
ค่าจ้างแม่บ้านทำความสะอาด,บิลและของใช้ในบ้าน
ค่าบริการล้างแอร์,บิลและของใช้ในบ้าน
ช่างมาซ่อมท่อน้ำ,บิลและของใช้ในบ้าน
ค่าลอกท่อ,บิลและของใช้ในบ้าน
ค่าสูบส้วม,บิลและของใช้ในบ้าน
ซ่อมหลังคารั่ว,บิลและของใช้ในบ้าน
ค่าเปลี่ยนกลอนประตู,บิลและของใช้ในบ้าน
จ่ายค่าหอ,บิลและของใช้ในบ้าน
มัดจำค่าเช่าห้อง,บิลและของใช้ในบ้าน
ต่อสัญญาเช่าบ้าน,บิลและของใช้ในบ้าน
ค่าซ่อมบ้าน,บิลและของใช้ในบ้าน
ค่าทาสีบ้าน,บิลและของใช้ในบ้าน
จ่ายค่าเช่าที่จอดรถในบ้าน,บิลและของใช้ในบ้าน
ค่าดูแลสวน,บิลและของใช้ในบ้าน
ค่าฉีดปลวก,บิลและของใช้ในบ้าน
ค่าบริการกำจัดแมลง,บิลและของใช้ในบ้าน
ค่ารปภหมู่บ้าน,บิลและของใช้ในบ้าน
ซ่อมปั๊มน้ำ,บิลและของใช้ในบ้าน
เปลี่ยนลูกบิดประตู,บิลและของใช้ในบ้าน
ซ่อมไฟในบ้าน,บิลและของใช้ในบ้าน
ซื้ออุปกรณ์ซ่อมบ้าน,บิลและของใช้ในบ้าน
ค่าแรงช่างไฟ,บิลและของใช้ในบ้าน
ซื้อผงซักฟอก,บิลและของใช้ในบ้าน
น้ำยาปรับผ้านุ่ม,บิลและของใช้ในบ้าน
น้ำยาล้างจาน,บิลและของใช้ในบ้าน
น้ำยาล้างห้องน้ำ,บิลและของใช้ในบ้าน
ซื้อไม้กวาด,บิลและของใช้ในบ้าน
ไม้ถูพื้น,บิลและของใช้ในบ้าน
ซื้อถุงขยะ,บิลและของใช้ในบ้าน
ถุงพลาสติก,บิลและของใช้ในบ้าน
น้ำยาเช็ดกระจก,บิลและของใช้ในบ้าน
น้ำยาซักผ้า,บิลและของใช้ในบ้าน
ซื้อสก๊อตไบรต์,บิลและของใช้ในบ้าน
ฟองน้ำล้างจาน,บิลและของใช้ในบ้าน
น้ำยาขจัดคราบ,บิลและของใช้ในบ้าน
ก้อนดับกลิ่นชักโครก,บิลและของใช้ในบ้าน
ผงขจัดท่อตัน,บิลและของใช้ในบ้าน
แปรงขัดห้องน้ำ,บิลและของใช้ในบ้าน
ถังน้ำ,บิลและของใช้ในบ้าน
กะละมัง,บิลและของใช้ในบ้าน
ซื้อไม้แขวนเสื้อ,บิลและของใช้ในบ้าน
ไม้หนีบผ้า,บิลและของใช้ในบ้าน
ตะกร้าผ้า,บิลและของใช้ในบ้าน
ผงซักฟอกสูตรซักเครื่อง,บิลและของใช้ในบ้าน
น้ำยารีดผ้าเรียบ,บิลและของใช้ในบ้าน
สเปรย์ดับกลิ่นห้อง,บิลและของใช้ในบ้าน
ที่ตักขยะ,บิลและของใช้ในบ้าน
ถังขยะ,บิลและของใช้ในบ้าน
ซื้อน้ำยาดันฝุ่น,บิลและของใช้ในบ้าน
น้ำยาเช็ดพื้น,บิลและของใช้ในบ้าน
ถุงขยะดำ,บิลและของใช้ในบ้าน
ซื้ออุปกรณ์ทำความสะอาด,บิลและของใช้ในบ้าน
แปรงซักผ้า,บิลและของใช้ในบ้าน
ค่าซักอบรีด,บิลและของใช้ในบ้าน
หยอดเหรียญซักผ้า,บิลและของใช้ในบ้าน
ค่าอบผ้า,บิลและของใช้ในบ้าน
ค่าจ้างซักรีด,บิลและของใช้ในบ้าน
ซื้อแฟ้บ,บิลและของใช้ในบ้าน
น้ำยาซักชุดชั้นใน,บิลและของใช้ในบ้าน
สเปรย์กำจัดยุง,บิลและของใช้ในบ้าน
ยาฉีดมด,บิลและของใช้ในบ้าน
ยากันยุงแมลงสาบ,บิลและของใช้ในบ้าน
ซื้อยาสีฟัน,บิลและของใช้ในบ้าน
แปรงสีฟัน,บิลและของใช้ในบ้าน
แชมพูสระผม,บิลและของใช้ในบ้าน
ครีมนวดผม,บิลและของใช้ในบ้าน
สบู่อาบน้ำ,บิลและของใช้ในบ้าน
ครีมอาบน้ำ,บิลและของใช้ในบ้าน
ทิชชู่ม้วน,บิลและของใช้ในบ้าน
ทิชชู่เปียก,บิลและของใช้ในบ้าน
กระดาษชำระ,บิลและของใช้ในบ้าน
ซื้อสำลี,บิลและของใช้ในบ้าน
คอตตอนบัด,บิลและของใช้ในบ้าน
โฟมล้างหน้า,บิลและของใช้ในบ้าน
มีดโกนหนวด,บิลและของใช้ในบ้าน
โฟมโกนหนวด,บิลและของใช้ในบ้าน
น้ำยาบ้วนปาก,บิลและของใช้ในบ้าน
ไหมขัดฟัน,บิลและของใช้ในบ้าน
โรลออนดับกลิ่นเต่า,บิลและของใช้ในบ้าน
ยาระงับกลิ่นกาย,บิลและของใช้ในบ้าน
แป้งฝุ่น,บิลและของใช้ในบ้าน
แป้งเย็น,บิลและของใช้ในบ้าน
ครีมทาผิว,บิลและของใช้ในบ้าน
โลชั่นบำรุงผิว,บิลและของใช้ในบ้าน
ครีมกันแดด,บิลและของใช้ในบ้าน
ซื้อผ้าอนามัย,บิลและของใช้ในบ้าน
กางเกงใน,บิลและของใช้ในบ้าน
ยาสระผมขจัดรังแค,บิลและของใช้ในบ้าน
สบู่ก้อน,บิลและของใช้ในบ้าน
ทิชชู่เช็ดหน้า,บิลและของใช้ในบ้าน
ทิชชู่แผ่นแพ็คใหญ่,บิลและของใช้ในบ้าน
กระดาษซับมัน,บิลและของใช้ในบ้าน
สเปรย์ฉีดผม,บิลและของใช้ในบ้าน
เจลแต่งผม,บิลและของใช้ในบ้าน
ซื้อแปรงสีฟันใหม่,บิลและของใช้ในบ้าน
ยาสีฟันลดเสียวฟัน,บิลและของใช้ในบ้าน
ซื้อสบู่เหลว,บิลและของใช้ในบ้าน
ครีมหมักผม,บิลและของใช้ในบ้าน
ยาย้อมผมปิดหงอก,บิลและของใช้ในบ้าน
ซื้อของใช้เข้าห้องน้ำ,บิลและของใช้ในบ้าน
แชมพูเด็ก,บิลและของใช้ในบ้าน
แป้งเด็ก,บิลและของใช้ในบ้าน
ซื้อกระทะ,บิลและของใช้ในบ้าน
หม้อหุงข้าว,บิลและของใช้ในบ้าน
ตะหลิว,บิลและของใช้ในบ้าน
ทัพพี,บิลและของใช้ในบ้าน
ซื้อจานชาม,บิลและของใช้ในบ้าน
ช้อนส้อม,บิลและของใช้ในบ้าน
แก้วน้ำ,บิลและของใช้ในบ้าน
เหยือกน้ำ,บิลและของใช้ในบ้าน
กล่องถนอมอาหาร,บิลและของใช้ในบ้าน
กล่องทัพเพอร์แวร์,บิลและของใช้ในบ้าน
ซื้อมีดทำครัว,บิลและของใช้ในบ้าน
เขียงพลาสติก,บิลและของใช้ในบ้าน
ถาดทำน้ำแข็ง,บิลและของใช้ในบ้าน
ซื้อหลอดไฟ,บิลและของใช้ในบ้าน
เปลี่ยนหลอดไฟบ้าน,บิลและของใช้ในบ้าน
ซื้อปลั๊กพ่วง,บิลและของใช้ในบ้าน
ปลั๊กสามตา,บิลและของใช้ในบ้าน
ถ่านอัลคาไลน์,บิลและของใช้ในบ้าน
ถ่านรีโมท,บิลและของใช้ในบ้าน
ไฟฉาย,บิลและของใช้ในบ้าน
ซื้อพัดลม,บิลและของใช้ในบ้าน
หม้อทอดไร้น้ำมัน,บิลและของใช้ในบ้าน
ซื้อเตารีด,บิลและของใช้ในบ้าน
กาน้ำร้อน,บิลและของใช้ในบ้าน
เครื่องปั่นผลไม้,บิลและของใช้ในบ้าน
กระติกน้ำร้อน,บิลและของใช้ในบ้าน
ซื้อผ้าปูที่นอน,บิลและของใช้ในบ้าน
ปลอกหมอน,บิลและของใช้ในบ้าน
ผ้าห่ม,บิลและของใช้ในบ้าน
ผ้าเช็ดตัว,บิลและของใช้ในบ้าน
หมอนหนุน,บิลและของใช้ในบ้าน
กล่องเก็บของพลาสติก,บิลและของใช้ในบ้าน
ชั้นวางรองเท้า,บิลและของใช้ในบ้าน
พรมเช็ดเท้า,บิลและของใช้ในบ้าน
ตู้เก็บของ,บิลและของใช้ในบ้าน
จ่ายค่าเน็ตฟลิกซ์,บิลและของใช้ในบ้าน
ค่าสมาชิก Spotify,บิลและของใช้ในบ้าน
บิล YouTube Premium,บิลและของใช้ในบ้าน
ต่ออายุ iCloud,บิลและของใช้ในบ้าน
ค่าวีไอพีแอปดูซีรีส์ iQIYI,บิลและของใช้ในบ้าน
จ่าย Google Drive,บิลและของใช้ในบ้าน
ค่า Microsoft Office รายปี,บิลและของใช้ในบ้าน
ค่าสมาชิก Disney+,บิลและของใช้ในบ้าน
จ่ายบิลรายเดือน,บิลและของใช้ในบ้าน
เข้าโลตัสซื้อของใช้เข้าบ้าน,บิลและของใช้ในบ้าน
ซื้อของใช้เข้าหอ,บิลและของใช้ในบ้าน
ซื้อของใช้จำเป็น,บิลและของใช้ในบ้าน
เข้าบิ๊กซีซื้อสบู่ยาสีฟัน,บิลและของใช้ในบ้าน
แวะท็อปส์ซื้อของเข้าบ้าน,บิลและของใช้ในบ้าน
ซื้อแฟ้บสบู่มาตุนไว้,บิลและของใช้ในบ้าน
ซื้อเสื้อยืด,ไลฟ์สไตล์และช้อปปิ้ง
กางเกงยีนส์,ไลฟ์สไตล์และช้อปปิ้ง
ซื้อเดรสทำงาน,ไลฟ์สไตล์และช้อปปิ้ง
เสื้อเชิ้ตใส่ไปทำงาน,ไลฟ์สไตล์และช้อปปิ้ง
ซื้อรองเท้าผ้าใบ,ไลฟ์สไตล์และช้อปปิ้ง
รองเท้าคัทชู,ไลฟ์สไตล์และช้อปปิ้ง
ซื้อกระเป๋าสะพาย,ไลฟ์สไตล์และช้อปปิ้ง
กระเป๋าสตางค์ใบใหม่,ไลฟ์สไตล์และช้อปปิ้ง
ซื้อเสื้อกันหนาว,ไลฟ์สไตล์และช้อปปิ้ง
เสื้อคลุมคาร์ดิแกน,ไลฟ์สไตล์และช้อปปิ้ง
ซื้อชุดนอน,ไลฟ์สไตล์และช้อปปิ้ง
ชุดว่ายน้ำ,ไลฟ์สไตล์และช้อปปิ้ง
ซื้อหมวกแก๊ป,ไลฟ์สไตล์และช้อปปิ้ง
แว่นตากันแดด,ไลฟ์สไตล์และช้อปปิ้ง
ซื้อนาฬิกาข้อมือ,ไลฟ์สไตล์และช้อปปิ้ง
สั่งเสื้อในไอจี,ไลฟ์สไตล์และช้อปปิ้ง
กางเกงขาสั้น,ไลฟ์สไตล์และช้อปปิ้ง
เสื้อครอป,ไลฟ์สไตล์และช้อปปิ้ง
ซื้อเข็มขัด,ไลฟ์สไตล์และช้อปปิ้ง
ซื้อถุงเท้า,ไลฟ์สไตล์และช้อปปิ้ง
รองเท้าแตะแฟชั่น,ไลฟ์สไตล์และช้อปปิ้ง
ซื้อต่างหู,ไลฟ์สไตล์และช้อปปิ้ง
สร้อยคอ,ไลฟ์สไตล์และช้อปปิ้ง
แหวนแฟชั่น,ไลฟ์สไตล์และช้อปปิ้ง
กำไลข้อมือ,ไลฟ์สไตล์และช้อปปิ้ง
ซื้อชุดกีฬา,ไลฟ์สไตล์และช้อปปิ้ง
ชุดออกกำลังกาย,ไลฟ์สไตล์และช้อปปิ้ง
ซื้อกางเกงสแล็ค,ไลฟ์สไตล์และช้อปปิ้ง
เสื้อโปโล,ไลฟ์สไตล์และช้อปปิ้ง
เสื้อแจ็คเก็ต,ไลฟ์สไตล์และช้อปปิ้ง
สปอร์ตบรา,ไลฟ์สไตล์และช้อปปิ้ง
ซื้อกระเป๋าเดินทาง,ไลฟ์สไตล์และช้อปปิ้ง
กระเป๋าผ้ารักษ์โลก,ไลฟ์สไตล์และช้อปปิ้ง
ซื้อรองเท้าวิ่ง,ไลฟ์สไตล์และช้อปปิ้ง
รองเท้าส้นสูง,ไลฟ์สไตล์และช้อปปิ้ง
เสื้อสูท,ไลฟ์สไตล์และช้อปปิ้ง
เนคไท,ไลฟ์สไตล์และช้อปปิ้ง
ซื้อกางเกงในใหม่,ไลฟ์สไตล์และช้อปปิ้ง
ชุดชั้นในแบรนด์,ไลฟ์สไตล์และช้อปปิ้ง
เสื้อผ้ามือสอง,ไลฟ์สไตล์และช้อปปิ้ง
ซื้อลิปสติก,ไลฟ์สไตล์และช้อปปิ้ง
รองพื้น,ไลฟ์สไตล์และช้อปปิ้ง
ซื้อบลัชออน,ไลฟ์สไตล์และช้อปปิ้ง
พาเลทตา,ไลฟ์สไตล์และช้อปปิ้ง
อายไลเนอร์,ไลฟ์สไตล์และช้อปปิ้ง
ซื้อมาสคาร่า,ไลฟ์สไตล์และช้อปปิ้ง
ที่เขียนคิ้ว,ไลฟ์สไตล์และช้อปปิ้ง
น้ำหอมแบรนด์เนม,ไลฟ์สไตล์และช้อปปิ้ง
ซื้อสกินแคร์,ไลฟ์สไตล์และช้อปปิ้ง
เซรั่มบำรุงหน้า,ไลฟ์สไตล์และช้อปปิ้ง
ครีมลดริ้วรอย,ไลฟ์สไตล์และช้อปปิ้ง
มอยส์เจอไรเซอร์,ไลฟ์สไตล์และช้อปปิ้ง
มาสก์หน้า,ไลฟ์สไตล์และช้อปปิ้ง
ซื้อโทนเนอร์,ไลฟ์สไตล์และช้อปปิ้ง
คลีนซิ่งเช็ดเครื่องสำอาง,ไลฟ์สไตล์และช้อปปิ้ง
สำลีเช็ดหน้า,ไลฟ์สไตล์และช้อปปิ้ง
ตัดผมร้านบาร์เบอร์,ไลฟ์สไตล์และช้อปปิ้ง
ทำผมซาลอน,ไลฟ์สไตล์และช้อปปิ้ง
ย้อมสีผมร้าน,ไลฟ์สไตล์และช้อปปิ้ง
ดัดผม,ไลฟ์สไตล์และช้อปปิ้ง
ยืดผมถาวร,ไลฟ์สไตล์และช้อปปิ้ง
ทำเล็บเจล,ไลฟ์สไตล์และช้อปปิ้ง
ต่อขนตา,ไลฟ์สไตล์และช้อปปิ้ง
ลิฟติ้งขนตา,ไลฟ์สไตล์และช้อปปิ้ง
สักคิ้ว,ไลฟ์สไตล์และช้อปปิ้ง
เลเซอร์ขน,ไลฟ์สไตล์และช้อปปิ้ง
ทำทรีทเมนต์หน้า,ไลฟ์สไตล์และช้อปปิ้ง
ฉีดโบท็อกซ์,ไลฟ์สไตล์และช้อปปิ้ง
ซื้อคอร์สคลินิกความงาม,ไลฟ์สไตล์และช้อปปิ้ง
นวดแผนไทย,ไลฟ์สไตล์และช้อปปิ้ง
นวดน้ำมันอโรม่า,ไลฟ์สไตล์และช้อปปิ้ง
เข้าสปา,ไลฟ์สไตล์และช้อปปิ้ง
ขัดผิว,ไลฟ์สไตล์และช้อปปิ้ง
ซื้อแปรงแต่งหน้า,ไลฟ์สไตล์และช้อปปิ้ง
ฟองน้ำแต่งหน้า,ไลฟ์สไตล์และช้อปปิ้ง
ซื้อเครื่องม้วนผม,ไลฟ์สไตล์และช้อปปิ้ง
ไดร์เป่าผมใหม่,ไลฟ์สไตล์และช้อปปิ้ง
เครื่องหนีบผม,ไลฟ์สไตล์และช้อปปิ้ง
น้ำยาล้างเล็บ,ไลฟ์สไตล์และช้อปปิ้ง
ซื้อลิปบาล์ม,ไลฟ์สไตล์และช้อปปิ้ง
ดูหนังเมเจอร์,ไลฟ์สไตล์และช้อปปิ้ง
ดูหนังเอสเอฟ,ไลฟ์สไตล์และช้อปปิ้ง
ซื้อป๊อปคอร์นหน้าโรง,ไลฟ์สไตล์และช้อปปิ้ง
ค่าตั๋วหนัง,ไลฟ์สไตล์และช้อปปิ้ง
ร้องคาราโอเกะ,ไลฟ์สไตล์และช้อปปิ้ง
โยนโบว์ลิ่ง,ไลฟ์สไตล์และช้อปปิ้ง
ซื้อตั๋วคอนเสิร์ต,ไลฟ์สไตล์และช้อปปิ้ง
บัตรนิทรรศการศิลปะ,ไลฟ์สไตล์และช้อปปิ้ง
บัตรเข้าสวนสนุก,ไลฟ์สไตล์และช้อปปิ้ง
บัตรเข้าสวนน้ำ,ไลฟ์สไตล์และช้อปปิ้ง
เล่นไอซ์สเก็ต,ไลฟ์สไตล์และช้อปปิ้ง
เติมเกมออนไลน์,ไลฟ์สไตล์และช้อปปิ้ง
เติมโรบัค,ไลฟ์สไตล์และช้อปปิ้ง
ซื้อสกินเกม,ไลฟ์สไตล์และช้อปปิ้ง
เติมพรีเมียมพาส,ไลฟ์สไตล์และช้อปปิ้ง
ซื้อเกมในสตีม,ไลฟ์สไตล์และช้อปปิ้ง
ซื้อแผ่นเกมเพลย์สเตชัน,ไลฟ์สไตล์และช้อปปิ้ง
ซื้อเกมสวิตช์,ไลฟ์สไตล์และช้อปปิ้ง
ซื้อหนังสือการ์ตูน,ไลฟ์สไตล์และช้อปปิ้ง
หนังสือนิยาย,ไลฟ์สไตล์และช้อปปิ้ง
นิตยสารแฟชั่น,ไลฟ์สไตล์และช้อปปิ้ง
ซื้อหนังสือพัฒนาตัวเอง,ไลฟ์สไตล์และช้อปปิ้ง
ของเล่นเลโก้,ไลฟ์สไตล์และช้อปปิ้ง
ซื้อโมเดลฟิกเกอร์,ไลฟ์สไตล์และช้อปปิ้ง
สุ่มกล่องสุ่มอาร์ตทอย,ไลฟ์สไตล์และช้อปปิ้ง
ซื้อป๊อปมาร์ท,ไลฟ์สไตล์และช้อปปิ้ง
ซื้อบอร์ดเกม,ไลฟ์สไตล์และช้อปปิ้ง
จ่ายค่าเช่าหนังสือ,ไลฟ์สไตล์และช้อปปิ้ง
ซื้ออุปกรณ์วาดรูป,ไลฟ์สไตล์และช้อปปิ้ง
สีน้ำสีไม้,ไลฟ์สไตล์และช้อปปิ้ง
สมุดสเก็ตช์ภาพ,ไลฟ์สไตล์และช้อปปิ้ง
ซื้อกล้องฟิล์ม,ไลฟ์สไตล์และช้อปปิ้ง
ค่าล้างฟิล์ม,ไลฟ์สไตล์และช้อปปิ้ง
ค่าเช่าสนามแบด,ไลฟ์สไตล์และช้อปปิ้ง
จ่ายค่าสนามเตะบอล,ไลฟ์สไตล์และช้อปปิ้ง
สมัครฟิตเนสรายเดือน,ไลฟ์สไตล์และช้อปปิ้ง
ซื้อคอร์สโยคะ,ไลฟ์สไตล์และช้อปปิ้ง
อุปกรณ์แคมป์ปิ้ง,ไลฟ์สไตล์และช้อปปิ้ง
ซื้อเต็นท์,ไลฟ์สไตล์และช้อปปิ้ง
ซื้อต้นไม้แต่งห้อง,ไลฟ์สไตล์และช้อปปิ้ง
ซื้อเคสมือถือ,ไลฟ์สไตล์และช้อปปิ้ง
ติดฟิล์มกระจก,ไลฟ์สไตล์และช้อปปิ้ง
ซื้อสายชาร์จใหม่,ไลฟ์สไตล์และช้อปปิ้ง
หัวชาร์จแบต,ไลฟ์สไตล์และช้อปปิ้ง
พาวเวอร์แบงค์,ไลฟ์สไตล์และช้อปปิ้ง
หูฟังบลูทูธ,ไลฟ์สไตล์และช้อปปิ้ง
หูฟังไร้สาย,ไลฟ์สไตล์และช้อปปิ้ง
ซื้อแอร์พอด,ไลฟ์สไตล์และช้อปปิ้ง
ซื้อสมาร์ทวอทช์,ไลฟ์สไตล์และช้อปปิ้ง
เคสไอแพด,ไลฟ์สไตล์และช้อปปิ้ง
ซื้อเม้าส์ไร้สาย,ไลฟ์สไตล์และช้อปปิ้ง
คีย์บอร์ดเกมมิ่ง,ไลฟ์สไตล์และช้อปปิ้ง
แผ่นรองเม้าส์,ไลฟ์สไตล์และช้อปปิ้ง
ลำโพงบลูทูธ,ไลฟ์สไตล์และช้อปปิ้ง
ขาตั้งกล้อง,ไลฟ์สไตล์และช้อปปิ้ง
ไมค์อัดเสียง,ไลฟ์สไตล์และช้อปปิ้ง
ซื้อแฟลชไดร์ฟ,ไลฟ์สไตล์และช้อปปิ้ง
เอ็กซ์เทอร์นอลฮาร์ดดิสก์,ไลฟ์สไตล์และช้อปปิ้ง
สายแปลง USB,ไลฟ์สไตล์และช้อปปิ้ง
ซื้อแท็บเล็ตใหม่,ไลฟ์สไตล์และช้อปปิ้ง
จ่ายแอปเปิลแคร์,ไลฟ์สไตล์และช้อปปิ้ง
สติ๊กเกอร์ไลน์,ไลฟ์สไตล์และช้อปปิ้ง
ซื้อธีมไลน์,ไลฟ์สไตล์และช้อปปิ้ง
สมัครแอปแต่งรูป,ไลฟ์สไตล์และช้อปปิ้ง
เติมเหรียญอ่านนิยาย,ไลฟ์สไตล์และช้อปปิ้ง
ซื้อแอปในสโตร์,ไลฟ์สไตล์และช้อปปิ้ง
อัปเกรดความจุคลาวด์,ไลฟ์สไตล์และช้อปปิ้ง
ซื้อจอยเกม,ไลฟ์สไตล์และช้อปปิ้ง
แว่นตากรองแสงคอม,ไลฟ์สไตล์และช้อปปิ้ง
กระเป๋าใส่โน้ตบุ๊ก,ไลฟ์สไตล์และช้อปปิ้ง
จองโรงแรมไปเที่ยว,ไลฟ์สไตล์และช้อปปิ้ง
ค่าที่พักรีสอร์ท,ไลฟ์สไตล์และช้อปปิ้ง
จ่ายค่าพูลวิลล่า,ไลฟ์สไตล์และช้อปปิ้ง
จองโฮมสเตย์,ไลฟ์สไตล์และช้อปปิ้ง
ซื้อทัวร์ไปเที่ยว,ไลฟ์สไตล์และช้อปปิ้ง
ซื้อแพ็กเกจดำน้ำ,ไลฟ์สไตล์และช้อปปิ้ง
ค่าเช่ารถตอนไปเที่ยว,ไลฟ์สไตล์และช้อปปิ้ง
ซื้อของฝาก,ไลฟ์สไตล์และช้อปปิ้ง
ของที่ระลึก,ไลฟ์สไตล์และช้อปปิ้ง
แวะซื้อของขวัญวันเกิด,ไลฟ์สไตล์และช้อปปิ้ง
ห่อของขวัญ,ไลฟ์สไตล์และช้อปปิ้ง
ซื้อตุ๊กตาให้แฟน,ไลฟ์สไตล์และช้อปปิ้ง
ค่าเข้าชมพิพิธภัณฑ์,ไลฟ์สไตล์และช้อปปิ้ง
ซื้อดอกไม้ให้แฟน,ไลฟ์สไตล์และช้อปปิ้ง
ซื้อช่อดอกไม้วาเลนไทน์,ไลฟ์สไตล์และช้อปปิ้ง
ซื้ออุปกรณ์จัดปาร์ตี้,ไลฟ์สไตล์และช้อปปิ้ง
ลูกโป่งวันเกิด,ไลฟ์สไตล์และช้อปปิ้ง
ซื้อพร็อพถ่ายรูป,ไลฟ์สไตล์และช้อปปิ้ง
จ้างช่างภาพ,ไลฟ์สไตล์และช้อปปิ้ง
ค่าเช่าชุดแฟนซี,ไลฟ์สไตล์และช้อปปิ้ง
เอฟของในไลฟ์สด,ไลฟ์สไตล์และช้อปปิ้ง
กดสั่งช้อปปี้,ไลฟ์สไตล์และช้อปปิ้ง
สั่งของลาซาด้า,ไลฟ์สไตล์และช้อปปิ้ง
ซื้อของในติ๊กต็อกช็อป,ไลฟ์สไตล์และช้อปปิ้ง
เก็บโค้ดส่งฟรีช้อปปี้,ไลฟ์สไตล์และช้อปปิ้ง
ช้อปปิ้งออนไลน์,ไลฟ์สไตล์และช้อปปิ้ง
สั่งพรีออเดอร์เกาหลี,ไลฟ์สไตล์และช้อปปิ้ง
ค่าส่งของพรีออเดอร์,ไลฟ์สไตล์และช้อปปิ้ง
ไปเดินช้อปปิ้งห้าง,ไลฟ์สไตล์และช้อปปิ้ง
แวะซื้อเสื้อผ้า,ไลฟ์สไตล์และช้อปปิ้ง
เอฟเสื้อยืดมา,ไลฟ์สไตล์และช้อปปิ้ง
ซื้อของฟุ่มเฟือย,ไลฟ์สไตล์และช้อปปิ้ง
แวะซื้อของจุกจิก,ไลฟ์สไตล์และช้อปปิ้ง
ซื้อของมูเตลู,ไลฟ์สไตล์และช้อปปิ้ง
เช่าเครื่องราง,ไลฟ์สไตล์และช้อปปิ้ง
ซื้อสร้อยข้อมือหินมงคล,ไลฟ์สไตล์และช้อปปิ้ง
กดบัตรคอนเสิร์ต,ไลฟ์สไตล์และช้อปปิ้ง
ซื้อเทียนหอม,ไลฟ์สไตล์และช้อปปิ้ง
ซื้อก้านไม้หอมระเหย,ไลฟ์สไตล์และช้อปปิ้ง
เข้าเซโฟร่า,ไลฟ์สไตล์และช้อปปิ้ง
ไปอีฟแอนด์บอย,ไลฟ์สไตล์และช้อปปิ้ง
ซื้อสินค้ามูจิ,ไลฟ์สไตล์และช้อปปิ้ง
แวะไดโซะ,ไลฟ์สไตล์และช้อปปิ้ง
ซื้อโปสการ์ดน่ารักๆ,ไลฟ์สไตล์และช้อปปิ้ง
ซื้อของแต่งห้องมินิมอล,ไลฟ์สไตล์และช้อปปิ้ง
โปสเตอร์ติดห้อง,ไลฟ์สไตล์และช้อปปิ้ง
กดกล่องสุ่มในช้อปปี้,ไลฟ์สไตล์และช้อปปิ้ง
ช้อปของลดราคาซาร่า,ไลฟ์สไตล์และช้อปปิ้ง
พรีออเดอร์เสื้อจีน,ไลฟ์สไตล์และช้อปปิ้ง
ซื้อพวงกุญแจห้อยกระเป๋า,ไลฟ์สไตล์และช้อปปิ้ง
จ่ายบัตรเครดิต,การเงินและหนี้สิน
จ่ายบิลบัตรเครดิต,การเงินและหนี้สิน
ชำระบัตรเครดิต,การเงินและหนี้สิน
จ่ายขั้นต่ำบัตรเครดิต,การเงินและหนี้สิน
ตัดยอดบัตรเครดิต,การเงินและหนี้สิน
ค่าธรรมเนียมบัตรเครดิต,การเงินและหนี้สิน
จ่ายบัตรกดเงินสด,การเงินและหนี้สิน
ชำระบัตรกดเงินสด,การเงินและหนี้สิน
จ่ายอิออน,การเงินและหนี้สิน
จ่ายเฟิร์สช้อยส์,การเงินและหนี้สิน
จ่ายยูเมะพลัส,การเงินและหนี้สิน
จ่ายพรอมิส,การเงินและหนี้สิน
ผ่อนไอโฟน,การเงินและหนี้สิน
ผ่อนโทรศัพท์,การเงินและหนี้สิน
ผ่อนทีวี,การเงินและหนี้สิน
ผ่อนทอง,การเงินและหนี้สิน
จ่ายค่างวดผ่อนของ,การเงินและหนี้สิน
จ่ายสเปย์เลเทอร์,การเงินและหนี้สิน
จ่าย SPayLater,การเงินและหนี้สิน
ชำระบิล PayNext,การเงินและหนี้สิน
ค่าดอกเบี้ยบัตรเครดิต,การเงินและหนี้สิน
เคลียร์ยอดบัตร,การเงินและหนี้สิน
ปิดยอดบัตรเครดิต,การเงินและหนี้สิน
จ่ายบัตรเคทีซี,การเงินและหนี้สิน
จ่ายบัตรกสิกร,การเงินและหนี้สิน
จ่ายบัตรไทยพาณิชย์,การเงินและหนี้สิน
โปะบัตรเครดิต,การเงินและหนี้สิน
ค่าปรับจ่ายบัตรล่าช้า,การเงินและหนี้สิน
จ่ายสินเชื่อส่วนบุคคล,การเงินและหนี้สิน
ผ่อนสินค้าช้อปปี้,การเงินและหนี้สิน
จ่ายบิลบัตรเครดิตตรงเวลา,การเงินและหนี้สิน
จ่ายค่าผ่อนคอมพิวเตอร์,การเงินและหนี้สิน
จ่ายหนี้บัตร,การเงินและหนี้สิน
จ่ายดอกเบี้ยบัตร,การเงินและหนี้สิน
ผ่อนกล้องถ่ายรูป,การเงินและหนี้สิน
หักบัญชีบัตรเครดิต,การเงินและหนี้สิน
เคลียร์หนี้บัตร,การเงินและหนี้สิน
ผ่อนรถงวดนี้,การเงินและหนี้สิน
จ่ายค่างวดรถ,การเงินและหนี้สิน
ผ่อนมอเตอร์ไซค์,การเงินและหนี้สิน
ผ่อนบิ๊กไบค์,การเงินและหนี้สิน
ผ่อนรถยนต์,การเงินและหนี้สิน
ค่างวดรถกระบะ,การเงินและหนี้สิน
ตัดบัญชีค่างวดรถ,การเงินและหนี้สิน
โปะค่างวดรถ,การเงินและหนี้สิน
ปิดค่างวดรถ,การเงินและหนี้สิน
ค่าดอกเบี้ยรถ,การเงินและหนี้สิน
ผ่อนบ้าน,การเงินและหนี้สิน
จ่ายค่างวดบ้าน,การเงินและหนี้สิน
ตัดบัญชีค่าผ่อนบ้าน,การเงินและหนี้สิน
โปะบ้าน,การเงินและหนี้สิน
โปะหนี้บ้าน,การเงินและหนี้สิน
ผ่อนคอนโด,การเงินและหนี้สิน
ค่างวดคอนโด,การเงินและหนี้สิน
รีไฟแนนซ์บ้าน,การเงินและหนี้สิน
ค่าจดจำนอง,การเงินและหนี้สิน
ค่าประเมินบ้าน,การเงินและหนี้สิน
ดอกเบี้ยบ้าน,การเงินและหนี้สิน
ดอกเบี้ยสินเชื่อบ้าน,การเงินและหนี้สิน
จ่ายหนี้สหกรณ์,การเงินและหนี้สิน
ผ่อนสหกรณ์ออมทรัพย์,การเงินและหนี้สิน
ชำระหนี้สหกรณ์,การเงินและหนี้สิน
ส่งค่าบ้าน,การเงินและหนี้สิน
ส่งค่างวดรถ,การเงินและหนี้สิน
จ่ายสินเชื่อบ้านแลกเงิน,การเงินและหนี้สิน
จ่ายสินเชื่อรถแลกเงิน,การเงินและหนี้สิน
จ่ายค่างวดไฟแนนซ์,การเงินและหนี้สิน
ส่งไฟแนนซ์รถ,การเงินและหนี้สิน
จ่ายหนี้ธนาคาร,การเงินและหนี้สิน
ค่าธรรมเนียมรีไฟแนนซ์,การเงินและหนี้สิน
จ่ายหนี้ กยศ,การเงินและหนี้สิน
ชำระเงินกู้ กยศ,การเงินและหนี้สิน
ผ่อนคืน กยศ,การเงินและหนี้สิน
จ่ายหนี้ กรอ,การเงินและหนี้สิน
จ่ายเงินกู้,การเงินและหนี้สิน
คืนเงินเพื่อน,การเงินและหนี้สิน
ใช้หนี้เพื่อน,การเงินและหนี้สิน
คืนเงินที่ยืมมา,การเงินและหนี้สิน
จ่ายหนี้นอกระบบ,การเงินและหนี้สิน
ส่งดอกรายวัน,การเงินและหนี้สิน
ส่งแชร์,การเงินและหนี้สิน
จ่ายค่าแชร์,การเงินและหนี้สิน
เปียแชร์,การเงินและหนี้สิน
ส่งแชร์มือบ๊วย,การเงินและหนี้สิน
จ่ายเงินกู้ธนาคาร,การเงินและหนี้สิน
ผ่อนสินเชื่อเงินด่วน,การเงินและหนี้สิน
จ่ายดอกเบี้ยเงินกู้,การเงินและหนี้สิน
ชำระหนี้เงินกู้ยืม,การเงินและหนี้สิน
คืนเงินแม่,การเงินและหนี้สิน
ใช้หนี้ที่บ้าน,การเงินและหนี้สิน
คืนเงินกู้ยืมฉุกเฉิน,การเงินและหนี้สิน
จ่ายหนี้สินเชื่อสวัสดิการ,การเงินและหนี้สิน
ปิดยอดเงินกู้,การเงินและหนี้สิน
ใช้หนี้แฟน,การเงินและหนี้สิน
ตัดหนี้,การเงินและหนี้สิน
หักหนี้,การเงินและหนี้สิน
ใช้หนี้เก่า,การเงินและหนี้สิน
จ่ายแอปเงินกู้,การเงินและหนี้สิน
ชำระสินเชื่อฟินนิกซ์,การเงินและหนี้สิน
ชำระสินเชื่อไลน์บีเค,การเงินและหนี้สิน
จ่ายหนี้คนรู้จัก,การเงินและหนี้สิน
โอนคืนที่ยืมมา,การเงินและหนี้สิน
เงินออมประจำเดือน,การเงินและหนี้สิน
ฝากเงินออมทรัพย์,การเงินและหนี้สิน
ฝากประจำ,การเงินและหนี้สิน
โอนเงินเก็บ,การเงินและหนี้สิน
ออมเงิน,การเงินและหนี้สิน
หักเงินฝากประจำ,การเงินและหนี้สิน
ฝากเงินเข้าบัญชีเงินเก็บ,การเงินและหนี้สิน
ฝากเงินให้ลูก,การเงินและหนี้สิน
ออมเงินให้ลูก,การเงินและหนี้สิน
เก็บเงินดาวน์บ้าน,การเงินและหนี้สิน
เก็บเงินดาวน์รถ,การเงินและหนี้สิน
เก็บเงินแต่งงาน,การเงินและหนี้สิน
เก็บเงินไปเที่ยว,การเงินและหนี้สิน
หยอดกระปุก,การเงินและหนี้สิน
ฝากเงินสหกรณ์,การเงินและหนี้สิน
หักเงินฝากสหกรณ์,การเงินและหนี้สิน
เก็บเงินฉุกเฉิน,การเงินและหนี้สิน
ฝากทวีทรัพย์,การเงินและหนี้สิน
โอนเข้าบัญชีเงินออม,การเงินและหนี้สิน
แบ่งเงินเก็บ,การเงินและหนี้สิน
กันเงินออม,การเงินและหนี้สิน
ออมเงินเกษียณ,การเงินและหนี้สิน
เก็บเงินเข้าพอร์ต,การเงินและหนี้สิน
หักบัญชีเงินฝาก,การเงินและหนี้สิน
ซื้อสลากออมสิน,การเงินและหนี้สิน
ซื้อสลาก ธกส,การเงินและหนี้สิน
ซื้อสลาก ธอส,การเงินและหนี้สิน
ฝากสลากออมสิน,การเงินและหนี้สิน
เงินสะสมกองทุนสำรองเลี้ยงชีพ,การเงินและหนี้สิน
หัก กบข,การเงินและหนี้สิน
ออมเงินเข้าบัญชีฝากประจำ,การเงินและหนี้สิน
ฝากเงินออมเผื่อเรียก,การเงินและหนี้สิน
โอนเข้ากระปุกออนไลน์,การเงินและหนี้สิน
โอนเข้า Kept,การเงินและหนี้สิน
ซื้อกองทุน,การเงินและหนี้สิน
ซื้อกองทุน SSF,การเงินและหนี้สิน
ซื้อกองทุน RMF,การเงินและหนี้สิน
ซื้อกองทุนรวม,การเงินและหนี้สิน
ซื้อกองทุนดัชนี,การเงินและหนี้สิน
DCA กองทุน,การเงินและหนี้สิน
ซื้อหุ้น,การเงินและหนี้สิน
เติมเงินเข้าพอร์ตหุ้น,การเงินและหนี้สิน
ซื้อหุ้นปันผล,การเงินและหนี้สิน
DCA หุ้น,การเงินและหนี้สิน
ซื้อคริปโต,การเงินและหนี้สิน
เติมเงินเข้าบิทคับ,การเงินและหนี้สิน
ซื้อบิทคอยน์,การเงินและหนี้สิน
ซื้ออีเธอเรียม,การเงินและหนี้สิน
ซื้อเหรียญคริปโต,การเงินและหนี้สิน
ฝากเงินเข้าไบแนนซ์,การเงินและหนี้สิน
ซื้อทองคำ,การเงินและหนี้สิน
ออมทอง,การเงินและหนี้สิน
ซื้อทองแท่ง,การเงินและหนี้สิน
เติมเงินพอร์ตลงทุน,การเงินและหนี้สิน
ซื้อพันธบัตรรัฐบาล,การเงินและหนี้สิน
ซื้อหุ้นกู้,การเงินและหนี้สิน
ลงทุนทำธุรกิจ,การเงินและหนี้สิน
เติมเงินเข้าพอร์ต,การเงินและหนี้สิน
ซื้อ ETF,การเงินและหนี้สิน
ลงทุน DRx,การเงินและหนี้สิน
เติมเงินเข้าจิตตะ,การเงินและหนี้สิน
ซื้อกองทุนตราสารหนี้,การเงินและหนี้สิน
ลงทุนอสังหา,การเงินและหนี้สิน
จ่ายค่าที่ดิน,การเงินและหนี้สิน
ผ่อนที่ดิน,การเงินและหนี้สิน
ซื้อกองทุนลดหย่อนภาษี,การเงินและหนี้สิน
ลงทุนหุ้นต่างประเทศ,การเงินและหนี้สิน
เติมเงินแอป InnovestX,การเงินและหนี้สิน
เติมเงินแอป Dime,การเงินและหนี้สิน
ถัวหุ้น,การเงินและหนี้สิน
ซื้อกองทุนรวมไทย,การเงินและหนี้สิน
ลงทุนเปิดร้าน,การเงินและหนี้สิน
จ่ายค่าประกันชีวิต,การเงินและหนี้สิน
จ่ายประกันสะสมทรัพย์,การเงินและหนี้สิน
ชำระเบี้ยประกันชีวิต,การเงินและหนี้สิน
จ่ายค่าประกันสุขภาพ,การเงินและหนี้สิน
ซื้อประกันสุขภาพ,การเงินและหนี้สิน
จ่ายประกันโรคร้ายแรง,การเงินและหนี้สิน
ต่อประกันอุบัติเหตุ,การเงินและหนี้สิน
จ่ายค่าประกัน PA,การเงินและหนี้สิน
หักเบี้ยประกันรายเดือน,การเงินและหนี้สิน
จ่ายเบี้ยประกันรายปี,การเงินและหนี้สิน
ซื้อประกันลดหย่อนภาษี,การเงินและหนี้สิน
จ่ายประกันสังคม,การเงินและหนี้สิน
หักเงินประกันสังคม,การเงินและหนี้สิน
จ่ายประกันสังคมมาตรา 39,การเงินและหนี้สิน
จ่ายประกันสังคมมาตรา 40,การเงินและหนี้สิน
ส่งประกันสังคม,การเงินและหนี้สิน
จ่ายภาษี,การเงินและหนี้สิน
จ่ายภาษีเงินได้,การเงินและหนี้สิน
จ่ายภาษีบุคคลธรรมดา,การเงินและหนี้สิน
ชำระภาษี,การเงินและหนี้สิน
ค่าปรับสรรพากร,การเงินและหนี้สิน
จ่ายภาษีที่ดิน,การเงินและหนี้สิน
ค่าธรรมเนียมโอนเงิน,การเงินและหนี้สิน
ค่าธรรมเนียมรายปีบัตรเอทีเอ็ม,การเงินและหนี้สิน
ค่าธรรมเนียมธนาคาร,การเงินและหนี้สิน
หักค่ารักษาบัญชี,การเงินและหนี้สิน
ต่อประกันอัคคีภัย,การเงินและหนี้สิน
ต่อประกันบ้าน,การเงินและหนี้สิน
จ่ายค่าประกันเดินทาง,การเงินและหนี้สิน
ซื้อประกันยูนิตลิงค์,การเงินและหนี้สิน
ค่าอากรแสตมป์,การเงินและหนี้สิน
หักภาษี ณ ที่จ่าย,การเงินและหนี้สิน
ค่าธรรมเนียมโอนที่ดิน,การเงินและหนี้สิน
ค่าธรรมเนียมธรรมเนียมศาล,การเงินและหนี้สิน
ชำระเบี้ยประกันรายงวด,การเงินและหนี้สิน
หาหมอคลินิก,อื่นๆ
ค่ารักษาพยาบาล,อื่นๆ
ค่ายาคลินิก,อื่นๆ
ซื้อยาพารา,อื่นๆ
ซื้อยาแก้ปวด,อื่นๆ
ซื้อยาแก้แพ้,อื่นๆ
ซื้อยาในร้านยา,อื่นๆ
ค่าทำฟัน,อื่นๆ
ขูดหินปูน,อื่นๆ
ถอนฟัน,อื่นๆ
อุดฟัน,อื่นๆ
ค่าจัดฟันรายเดือน,อื่นๆ
จ่ายค่าเอ็กซเรย์,อื่นๆ
แอดมิทโรงพยาบาล,อื่นๆ
ค่าห้องโรงพยาบาล,อื่นๆ
ซื้อแผ่นแปะแก้ปวด,อื่นๆ
ซื้อยาดม,อื่นๆ
ซื้อพลาสเตอร์ยา,อื่นๆ
ค่านวดแก้อาการ,อื่นๆ
ซื้อวิตามินซี,อื่นๆ
ซื้ออาหารเสริม,อื่นๆ
ซื้อเวย์โปรตีน,อื่นๆ
ซื้อคอลลาเจน,อื่นๆ
ค่าเจาะเลือด,อื่นๆ
ตรวจสุขภาพประจำปี,อื่นๆ
ค่าตรวจโควิด,อื่นๆ
ซื้อที่ตรวจครรภ์,อื่นๆ
ซื้อหน้ากากอนามัย,อื่นๆ
ซื้อแอลกอฮอล์ล้างมือ,อื่นๆ
ซื้อยาทาแผล,อื่นๆ
ซื้อน้ำเกลือล้างแผล,อื่นๆ
ค่ายาแก้ไอ,อื่นๆ
ซื้อยาอมแก้เจ็บคอ,อื่นๆ
จ่ายค่ากายภาพบำบัด,อื่นๆ
ค่าหมอตา,อื่นๆ
เจาะเลือดตรวจสุขภาพ,อื่นๆ
ค่าเทอมลูก,อื่นๆ
จ่ายค่าเทอม,อื่นๆ
ค่าบำรุงการศึกษา,อื่นๆ
ค่าหน่วยกิตมหาลัย,อื่นๆ
ซื้อชุดนักเรียน,อื่นๆ
ซื้อรองเท้านักเรียน,อื่นๆ
ค่ากระเป๋านักเรียน,อื่นๆ
ซื้อหนังสือเรียน,อื่นๆ
ค่าหนังสืออ่านนอกเวลา,อื่นๆ
ซื้อสมุดจด,อื่นๆ
ซื้อปากกาดินสอ,อื่นๆ
ซื้อเครื่องเขียน,อื่นๆ
ค่าเครื่องเขียนอุปกรณ์การเรียน,อื่นๆ
ค่าคอร์สเรียนพิเศษ,อื่นๆ
จ่ายค่าติวเตอร์,อื่นๆ
ค่าเรียนภาษาอังกฤษ,อื่นๆ
ค่าเรียนว่ายน้ำลูก,อื่นๆ
ค่าเรียนดนตรี,อื่นๆ
สมัครสอบ กพ,อื่นๆ
จ่ายค่าสมัครสอบเข้ามหาลัย,อื่นๆ
ค่าธรรมเนียมสอบ,อื่นๆ
ค่าทำรายงาน,อื่นๆ
ค่าปริ้นงาน,อื่นๆ
ค่าถ่ายเอกสาร,อื่นๆ
เข้าเล่มรายงาน,อื่นๆ
ค่ากิจกรรมโรงเรียน,อื่นๆ
ค่าเข้าค่ายลูกเสือ,อื่นๆ
ค่าทัศนศึกษาลูก,อื่นๆ
ซื้อชุดพละ,อื่นๆ
ซื้อชุดลูกเสือ,อื่นๆ
ซื้อไอแพดให้ลูกเรียน,อื่นๆ
ค่าอุปกรณ์ทำงานประดิษฐ์,อื่นๆ
ซื้อสีน้ำสีเทียนให้ลูก,อื่นๆ
จ่ายค่าเรียนขับรถ,อื่นๆ
ค่าอบรมสัมมนา,อื่นๆ
ซื้ออาหารหมา,อื่นๆ
ซื้ออาหารแมว,อื่นๆ
อาหารเม็ดหมา,อื่นๆ
อาหารเปียกแมว,อื่นๆ
ขนมแมวเลีย,อื่นๆ
ขนมหมาขัดฟัน,อื่นๆ
ซื้อทรายแมว,อื่นๆ
เปลี่ยนทรายแมว,อื่นๆ
พาหมาไปหาหมอ,อื่นๆ
พาแมวไปฉีดวัคซีน,อื่นๆ
ค่าฉีดวัคซีนพิษสุนัขบ้า,อื่นๆ
ค่าทำหมันแมว,อื่นๆ
ค่าทำหมันหมา,อื่นๆ
ซื้อแชมพูอาบน้ำหมา,อื่นๆ
ค่าอาบน้ำตัดขนสุนัข,อื่นๆ
อาบน้ำแมว,อื่นๆ
ซื้อของเล่นแมว,อื่นๆ
ซื้อที่ฝนเล็บแมว,อื่นๆ
ซื้อปลอกคอหมา,อื่นๆ
ซื้อสายจูงสุนัข,อื่นๆ
ซื้อเสื้อผ้าหมา,อื่นๆ
ค่าฝากเลี้ยงสัตว์,อื่นๆ
ค่าโรงแรมแมว,อื่นๆ
ซื้อกรงหมา,อื่นๆ
ซื้อกระเป๋าใส่แมว,อื่นๆ
ค่ายาสัตว์เลี้ยง,อื่นๆ
ซื้ออาหารปลา,อื่นๆ
ซื้ออาหารนก,อื่นๆ
ซื้ออาหารกระต่าย,อื่นๆ
ค่ารักษาหมาป่วย,อื่นๆ
ซื้อแผ่นรองซับฉี่,อื่นๆ
ซื้อชามข้าวหมา,อื่นๆ
ซื้อน้ำพุแมว,อื่นๆ
ค่าหยดยาเห็บหมัด,อื่นๆ
ซื้อยาถ่ายพยาธิแมว,อื่นๆ
ใส่ซองงานแต่ง,อื่นๆ
ใส่ซองงานบวช,อื่นๆ
ใส่ซองงานศพ,อื่นๆ
ทำบุญงานศพ,อื่นๆ
ทำบุญผ้าป่า,อื่นๆ
ใส่ซองกฐิน,อื่นๆ
ทำบุญตักบาตร,อื่นๆ
ซื้อของใส่บาตรตอนเช้า,อื่นๆ
สังฆทาน,อื่นๆ
ซื้อชุดสังฆทาน,อื่นๆ
ซื้อพวงมาลัยไหว้พระ,อื่นๆ
ซื้อดอกไม้ไหว้พระ,อื่นๆ
บริจาคโลงศพ,อื่นๆ
ไถ่ชีวิตโคกระบือ,อื่นๆ
ทำบุญวันเกิด,อื่นๆ
บริจาคบ้านเด็กกำพร้า,อื่นๆ
บริจาคมูลนิธิ,อื่นๆ
หยอดตู้บริจาค,อื่นๆ
ปล่อยนกปล่อยปลา,อื่นๆ
เติมน้ำมันตะเกียง,อื่นๆ
ค่าสะเดาะเคราะห์,อื่นๆ
ให้เงินขอทาน,อื่นๆ
ให้ทิปพนักงาน,อื่นๆ
ให้ทิปเด็กเสิร์ฟ,อื่นๆ
ทิป รปภ,อื่นๆ
ให้ทิปแม่บ้าน,อื่นๆ
ซื้อของขวัญขึ้นบ้านใหม่,อื่นๆ
ใส่ซองงานบุญ,อื่นๆ
ซื้อทองรับขวัญหลาน,อื่นๆ
ใส่ซองวันเกิดหลาน,อื่นๆ
ให้แต๊ะเอียหลาน,อื่นๆ
ให้อั่งเปา,อื่นๆ
ทำบุญตึก,อื่นๆ
ซื้อธูปเทียนไหว้พระ,อื่นๆ
ปิดทองพระ,อื่นๆ
ทำบุญกระเบื้องหลังคาวัด,อื่นๆ
บริจาคเงินช่วยเหลือผู้ประสบภัย,อื่นๆ
โอนเงินบริจาค,อื่นๆ
ให้เงินแม่,อื่นๆ
ให้เงินพ่อ,อื่นๆ
ส่งเงินให้ที่บ้าน,อื่นๆ
โอนเงินให้แม่,อื่นๆ
โอนให้พ่อ,อื่นๆ
ให้ค่าขนมลูก,อื่นๆ
ให้เงินลูกไปโรงเรียน,อื่นๆ
ให้เงินเมีย,อื่นๆ
ให้เงินสามี,อื่นๆ
ให้เงินน้อง,อื่นๆ
ส่งน้องเรียน,อื่นๆ
โอนเงินให้หลาน,อื่นๆ
ให้เงินยาย,อื่นๆ
ให้เงินตา,อื่นๆ
ให้ค่ากับข้าวแม่,อื่นๆ
ให้เงินพ่อแม่รายเดือน,อื่นๆ
ให้เงินหลานไปกินขนม,อื่นๆ
จ่ายค่าขนมลูก,อื่นๆ
ให้เงินก้นถุง,อื่นๆ
โอนค่าใช้จ่ายให้ที่บ้าน,อื่นๆ
ให้ค่าใช้จ่ายส่วนตัวลูก,อื่นๆ
ซื้อลอตเตอรี่,อื่นๆ
ซื้อหวย,อื่นๆ
ซื้อหวยใต้ดิน,อื่นๆ
แทงหวย,อื่นๆ
ซื้อสลากกินแบ่งรัฐบาล,อื่นๆ
โดนค่าปรับจราจร,อื่นๆ
ค่าปรับขับรถเร็ว,อื่นๆ
โดนใบสั่ง,อื่นๆ
ค่าปรับจอดรถในที่ห้ามจอด,อื่นๆ
ค่าปรับไม่ใส่หมวกกันน็อค,อื่นๆ
จ่ายค่าทำบัตรประชาชนใหม่,อื่นๆ
ค่าธรรมเนียมทำพาสปอร์ต,อื่นๆ
ค่าทำใบขับขี่ใหม่,อื่นๆ
ต่อใบขับขี่,อื่นๆ
ค่าขอใบรับรองแพทย์,อื่นๆ
ค่าคัดสำเนาทะเบียนบ้าน,อื่นๆ
จ่ายค่าธรรมเนียมอำเภอ,อื่นๆ
จ่ายค่าเสียหาย,อื่นๆ
เงินหาย,อื่นๆ
ทำเงินร่วง,อื่นๆ
โดนโกงเงิน,อื่นๆ
ค่าปรับจ่ายบิลล่าช้า,อื่นๆ
ค่าปรับคืนหนังสือห้องสมุดช้า,อื่นๆ
จ้างคนย้ายของ,อื่นๆ
ค่ายกของ,อื่นๆ
ค่าขนของย้ายหอ,อื่นๆ
ซื้อกล่องพัสดุ,อื่นๆ
ค่าส่งไปรษณีย์,อื่นๆ
ส่งพัสดุเคอรี่,อื่นๆ
ค่าส่งแฟลช (Flash),อื่นๆ
ค่าส่ง J&T,อื่นๆ
ส่งของไปต่างจังหวัด,อื่นๆ
ค่าแสตมป์ไปรษณีย์,อื่นๆ
ค่าบริการแพ็คของ,อื่นๆ
เติมเกม,ไลฟ์สไตล์และช้อปปิ้ง
เติมโรบัค,ไลฟ์สไตล์และช้อปปิ้ง
เติมเหรียญอ่านนิยาย,ไลฟ์สไตล์และช้อปปิ้ง
เติมเกมออนไลน์,ไลฟ์สไตล์และช้อปปิ้ง
เติมสกินเกม,ไลฟ์สไตล์และช้อปปิ้ง
เติมบัตรการีน่า,ไลฟ์สไตล์และช้อปปิ้ง
เติมพรีเมียมพาส,ไลฟ์สไตล์และช้อปปิ้ง
เติม Valorant,ไลฟ์สไตล์และช้อปปิ้ง
เติมเงินเข้าสตีม,ไลฟ์สไตล์และช้อปปิ้ง
เติมพอยต์เกม,ไลฟ์สไตล์และช้อปปิ้ง
เติมเหรียญติ๊กต็อก,ไลฟ์สไตล์และช้อปปิ้ง
เติมแอปแต่งรูป,ไลฟ์สไตล์และช้อปปิ้ง
เติมเงินมือถือ,บิลและของใช้ในบ้าน
เติมเน็ตมือถือ,บิลและของใช้ในบ้าน
เติมตู้บุญเติม,บิลและของใช้ในบ้าน
เติมเงินซิม,บิลและของใช้ในบ้าน
เติมเน็ตทรู,บิลและของใช้ในบ้าน
เติมแพ็กเกจ,บิลและของใช้ในบ้าน